treatment,Y
heel,19.625538
heel,18.870658
heel,17.543368
heel,15.479161
heel,12.987293
heel,10.285411
heel,7.789951
heel,5.777835
heel,4.002078
heel,2.674638
heel,1.781146
heel,1.01459
heel,0.507295
heel,0.040865
heel,-0.195044
heel,-0.015119
heel,0.118853
heel,0.410596
heel,0.85098
heel,1.662293
heel,2.215992
heel,2.703079
heel,3.339705
heel,5.87139
heel,10.655143
heel,15.477514
heel,19.750229
heel,21.383333
heel,19.414328
heel,17.700092
heel,18.261874
heel,19.542761
heel,20.282373
heel,20.719314
heel,20.646565
heel,19.957698
heel,18.687439
heel,16.515905
heel,13.969251
heel,11.52678
heel,9.408984
heel,7.416627
heel,5.899083
heel,5.165758
heel,5.093608
heel,5.026248
heel,4.70322
heel,4.083957
heel,3.061883
heel,1.730551
heel,0.37527
heel,-0.624052
heel,-0.872086
heel,-0.850382
heel,-0.801433
heel,-0.580493
heel,0.259261
heel,1.841321
heel,3.862717
heel,5.777086
heel,6.24202
heel,6.011349
heel,7.435937
heel,10.550959
heel,15.327077
heel,19.763402
heel,24.62125
heel,28.967462
heel,27.878626
heel,22.601799
heel,18.247354
heel,16.527281
heel,16.189584
heel,16.189434
heel,16.993412
heel,17.839902
heel,17.540674
heel,15.698455
heel,13.169314
heel,10.751692
heel,8.538095
heel,6.44395
heel,4.5685
heel,3.173551
heel,2.296824
heel,1.664988
heel,0.972378
heel,0.104333
heel,-0.82254
heel,-1.209335
heel,-1.105302
heel,-0.812361
heel,0.038919
heel,1.306783
heel,2.340683
heel,2.75532
heel,2.221231
heel,1.865121
heel,3.618425
heel,8.493637
heel,13.639636
heel,18.127603
heel,22.213207
heel,24.684119
heel,23.923102
heel,21.93284
heel,20.72111
heel,20.698956
heel,21.243075
heel,20.804637
heel,19.621946
heel,18.348245
heel,16.682658
heel,14.33524
heel,11.380833
heel,8.388107
heel,5.653593
heel,3.846401
heel,3.129692
heel,3.501369
heel,3.773503
heel,3.682792
heel,3.469785
heel,2.845134
heel,2.213746
heel,1.571582
heel,0.670306
heel,-0.156574
heel,-0.551004
heel,-0.261207
heel,0.752785
heel,1.924847
heel,3.175946
heel,4.335285
heel,4.855154
heel,4.466861
heel,5.380411
heel,7.830816
heel,12.487033
heel,17.431252
heel,22.302871
heel,25.926086
heel,25.88103
heel,21.730012
heel,19.099383
heel,19.261795
heel,20.611987
heel,21.02423
heel,20.155287
heel,18.473983
heel,16.155005
heel,13.86881
heel,11.546988
heel,9.091943
heel,6.907536
heel,5.228477
heel,4.025878
heel,3.310216
heel,2.629432
heel,1.831891
heel,0.759221
heel,-0.314346
heel,-0.809966
heel,-1.017285
heel,-0.902773
heel,-0.568218
heel,0.146695
heel,1.415307
heel,3.147804
heel,4.198918
heel,4.159999
heel,4.008365
heel,6.446794
heel,11.779454
heel,16.887133
heel,21.467458
heel,25.134982
heel,26.314229
heel,24.49147
heel,21.955144
heel,20.227287
heel,19.320024
heel,18.0812
heel,16.717386
heel,15.718962
heel,14.450799
heel,12.956457
heel,11.334729
heel,9.532178
heel,7.774682
heel,6.177654
heel,5.108128
heel,4.493655
heel,3.905379
heel,3.12071
heel,2.079027
heel,1.049019
heel,0.233814
heel,-0.0961
heel,-0.237706
heel,-0.622855
heel,-0.955313
heel,-0.72599
heel,0.568967
heel,2.246977
heel,3.947591
heel,4.865482
heel,4.220473
heel,3.082839
heel,5.56857
heel,10.065968
heel,13.929583
heel,18.012942
heel,22.939347
heel,26.384284
heel,26.255551
heel,23.314318
heel,20.880379
heel,20.501816
heel,20.626956
heel,20.844603
heel,21.242925
heel,20.710782
heel,18.506765
heel,15.513589
heel,12.83012
heel,10.220446
heel,7.724237
heel,5.741461
heel,4.216582
heel,3.238965
heel,2.655927
heel,2.146536
heel,1.507964
heel,0.497715
heel,-0.573907
heel,-1.020278
heel,-1.407074
heel,-1.228046
heel,-0.814307
heel,0.079185
heel,1.598376
heel,2.883604
heel,3.733686
heel,3.514691
heel,2.509681
heel,2.630031
heel,6.06868
heel,11.393856
heel,15.769557
heel,20.872745
heel,26.03506
heel,27.651548
heel,25.781337
heel,23.203997
heel,21.171973
heel,20.097357
heel,19.194435
heel,18.309475
heel,17.067658
heel,15.314204
heel,13.239818
heel,11.111693
heel,8.794512
heel,6.884783
heel,5.768704
heel,5.349276
heel,5.252577
heel,5.019063
heel,4.399052
heel,3.331173
heel,1.848656
heel,0.388143
heel,-0.725092
heel,-1.336271
heel,-1.660048
heel,-1.538351
heel,-0.842598
heel,0.558339
heel,2.368674
heel,3.993096
heel,4.339326
heel,3.702551
heel,4.888385
heel,8.624914
heel,12.846136
heel,17.208814
heel,21.360281
heel,25.285269
heel,26.840984
heel,24.535927
heel,20.73084
heel,18.250498
heel,17.238602
heel,16.82127
heel,16.675473
heel,16.799116
heel,16.647781
heel,15.749199
heel,14.18585
heel,11.864627
heel,9.250014
heel,6.927893
heel,5.256768
heel,4.071982
heel,2.999313
heel,1.723516
heel,0.393681
heel,-0.685874
heel,-1.036295
heel,-1.058898
heel,-0.791255
heel,0.099393
heel,1.13479
heel,2.024091
heel,2.761607
heel,2.9092
heel,2.504741
heel,3.41919
heel,7.637867
heel,13.674364
heel,19.04774
heel,23.109094
heel,24.483387
heel,23.005959
heel,20.929926
heel,19.494561
heel,19.309097
heel,19.647543
heel,19.324814
heel,18.540295
heel,17.552649
heel,15.936759
heel,14.048137
heel,11.722872
heel,9.465417
heel,7.564669
heel,6.114635
heel,5.209766
heel,4.715793
heel,4.330046
heel,3.75075
heel,2.825225
heel,1.57712
heel,0.445174
heel,-0.124391
heel,-0.190105
heel,-0.19235
heel,-0.424667
heel,-0.500858
heel,0.289199
heel,1.801653
heel,3.062182
heel,4.076772
heel,4.413273
heel,4.700226
heel,7.12189
heel,10.710677
heel,14.956747
heel,19.620599
heel,23.280937
heel,24.889193
heel,23.177802
heel,19.342327
heel,17.540973
heel,18.005158
heel,18.938318
heel,19.726878
heel,20.191512
heel,19.925066
heel,18.50452
heel,16.122373
heel,13.270055
heel,10.782528
heel,8.560099
heel,6.721622
heel,5.169201
heel,3.832331
heel,2.574945
heel,1.385519
heel,0.027543
heel,-1.259032
heel,-2.171684
heel,-2.373464
heel,-2.003733
heel,-1.421893
heel,-0.151934
heel,1.783541
heel,3.610492
heel,4.810247
heel,4.629423
heel,3.675307
heel,4.681964
heel,9.125773
heel,14.501694
heel,19.346668
heel,22.846091
heel,23.830893
heel,23.597229
heel,23.558909
heel,23.315665
heel,22.672303
heel,21.192929
heel,19.228414
heel,17.45131
heel,15.592775
heel,13.313764
heel,10.71906
heel,8.436905
heel,6.635551
heel,5.368885
heel,4.705315
heel,4.598288
heel,4.486321
heel,4.041146
heel,2.914439
heel,1.621428
heel,-0.022902
heel,-1.116528
heel,-1.344354
heel,-1.112038
heel,-0.720452
heel,0.255369
heel,1.466949
heel,2.974315
heel,4.674779
heel,5.667514
heel,5.222789
heel,3.903882
heel,5.094356
heel,8.980575
heel,12.553195
heel,16.281193
heel,20.785327
heel,26.454188
heel,29.850176
heel,26.42934
heel,20.25947
heel,16.989071
heel,16.144228
heel,16.728164
heel,17.849482
heel,18.685044
heel,18.426831
heel,16.510516
heel,13.320051
heel,10.668315
heel,8.789273
heel,7.264693
heel,5.731282
heel,4.245471
heel,3.017425
heel,1.908681
heel,0.848585
heel,-0.510439
heel,-1.323997
heel,-1.828448
heel,-1.093626
heel,-0.611029
heel,0.403561
heel,1.498384
heel,2.517016
heel,2.729424
heel,2.04355
heel,1.891317
heel,4.544999
heel,9.706116
heel,14.918277
heel,20.455712
heel,26.322911
heel,28.201804
heel,24.710913
heel,21.24532
heel,19.803967
heel,19.920276
heel,20.173399
heel,19.299516
heel,17.6001
heel,15.830031
heel,14.014756
heel,11.809392
heel,9.094039
heel,6.247109
heel,4.072731
heel,2.684967
heel,2.362387
heel,2.79394
heel,3.13044
heel,3.078049
heel,2.290686
heel,1.310525
heel,0.515528
heel,-0.020807
heel,-0.547412
heel,-0.818498
heel,-0.487536
heel,0.872086
heel,3.066972
heel,4.61161
heel,5.80403
heel,6.240523
heel,6.740483
heel,8.367001
heel,10.754835
heel,13.964461
heel,17.499809
heel,22.470223
heel,26.777815
heel,26.000182
heel,22.723646
heel,21.268971
heel,21.023931
heel,21.184397
heel,21.048479
heel,19.756067
heel,17.064963
heel,13.692626
heel,10.407707
heel,7.391479
heel,5.340894
heel,3.989204
heel,3.280578
heel,2.870132
heel,2.271227
heel,1.49554
heel,0.458646
heel,-0.508493
heel,-0.753234
heel,-0.725841
heel,-0.551753
heel,-0.007484
heel,0.661474
heel,1.133593
heel,1.892814
heel,2.550396
heel,3.081193
heel,4.03456
heel,7.300319
heel,13.141772
heel,18.578017
heel,22.980512
heel,26.061255
heel,26.508525
heel,24.226072
heel,21.302651
heel,19.893631
heel,19.507135
heel,18.61035
heel,17.306711
heel,16.046182
heel,14.13316
heel,11.992012
heel,10.083781
heel,8.43002
heel,6.979985
heel,5.87154
heel,4.985982
heel,4.088149
heel,2.988835
heel,1.733395
heel,0.434397
heel,-0.565075
heel,-0.940045
heel,-1.044378
heel,-0.858615
heel,-0.510588
heel,-0.007634
heel,0.61552
heel,1.994303
heel,3.52023
heel,5.179379
heel,5.896837
heel,4.959936
heel,4.975503
heel,7.941436
heel,10.841206
heel,13.643528
heel,17.648899
heel,23.237378
heel,29.273276
heel,30.014085
heel,25.166566
heel,21.524939
heel,19.867735
heel,18.934126
heel,18.600171
heel,18.438357
heel,17.445622
heel,15.383809
heel,12.945081
heel,10.697953
heel,8.742121
heel,7.002738
heel,5.23701
heel,3.791316
heel,2.259252
heel,1.103206
heel,0.356559
heel,-0.346679
heel,-0.87044
heel,-1.184487
heel,-1.093626
heel,-0.51433
heel,0.194595
heel,1.475332
heel,2.799928
heel,3.976331
heel,4.757856
heel,4.431086
heel,3.876638
heel,5.942642
heel,11.078762
heel,16.244968
heel,21.354144
heel,25.978627
heel,27.524163
heel,24.723637
heel,21.363125
heel,18.88443
heel,17.689465
heel,17.183517
heel,16.399297
heel,15.597415
heel,14.611415
heel,13.116624
heel,10.986104
heel,8.599467
heel,6.50637
heel,5.085824
heel,4.73181
heel,4.958738
heel,5.035529
heel,4.742588
heel,3.963159
heel,2.531685
heel,0.730631
heel,-0.692759
heel,-1.214275
heel,-1.541345
heel,-1.467548
heel,-0.92328
heel,0.411045
heel,2.365681
heel,3.892655
heel,4.338728
heel,3.985762
heel,4.345464
heel,7.520361
heel,11.385025
heel,16.151712
heel,22.222638
heel,28.643236
heel,31.714699
heel,27.82369
heel,21.522244
heel,17.570612
heel,16.017442
heel,16.026872
heel,16.604221
heel,17.721797
heel,18.396295
heel,17.612674
heel,15.271243
heel,12.293036
heel,9.611513
heel,7.547156
heel,5.717061
heel,3.838917
heel,2.045796
heel,0.792302
heel,-0.078437
heel,-0.730481
heel,-1.265319
heel,-1.642983
heel,-1.566792
heel,-0.913101
heel,-0.134121
heel,1.004561
heel,2.34188
heel,3.459007
heel,3.61603
heel,2.653083
heel,1.972748
heel,4.524641
heel,10.656789
heel,16.036003
heel,20.323986
heel,24.610772
heel,27.160869
heel,26.240882
heel,23.300097
heel,21.114792
heel,20.009191
heel,19.24952
heel,17.758621
heel,16.14797
heel,14.7629
heel,13.204641
heel,11.333981
heel,9.429791
heel,7.894433
heel,6.416557
heel,5.311255
heel,4.892726
heel,4.62119
heel,3.922892
heel,2.853516
heel,1.502575
heel,0.47631
heel,-0.00494
heel,-0.040416
heel,-0.245639
heel,-0.561183
heel,-0.488734
heel,0.166304
heel,1.396596
heel,2.875371
heel,3.967649
heel,4.061055
heel,3.657644
heel,5.38086
heel,9.178763
heel,13.202994
heel,17.084273
heel,21.193977
heel,25.521178
heel,27.543473
heel,24.595653
heel,21.098475
heel,20.204834
heel,20.295096
heel,20.323238
heel,19.918928
heel,18.822758
heel,16.960181
heel,14.619499
heel,11.985576
heel,9.423055
heel,7.207961
heel,5.311704
heel,3.840264
heel,2.841391
heel,2.178869
heel,1.67846
heel,1.162932
heel,0.235161
heel,-0.556393
heel,-0.835862
heel,-0.8658
heel,-0.546214
heel,0.238754
heel,1.353635
heel,2.762805
heel,3.869154
heel,4.766837
heel,4.433181
heel,4.231101
heel,7.792495
heel,13.097763
heel,17.686022
heel,21.903801
heel,25.309818
heel,26.062902
heel,24.867937
heel,22.935755
heel,21.499192
heel,20.464244
heel,19.032771
heel,17.45131
heel,15.635586
heel,13.521083
heel,11.180101
heel,8.589139
heel,6.318211
heel,4.672533
heel,3.905828
heel,3.883075
heel,4.068988
heel,4.224814
heel,3.874842
heel,2.860402
heel,1.271157
heel,-0.074395
heel,-0.620909
heel,-0.654888
heel,-0.548609
heel,-0.102088
heel,0.994532
heel,2.407144
heel,3.826044
heel,4.850214
heel,4.79917
heel,3.317252
heel,3.079097
heel,6.346203
heel,10.641221
heel,15.037729
heel,20.325333
heel,26.966573
heel,31.309043
heel,28.854447
heel,22.167103
heel,17.777182
heel,16.517701
heel,16.226557
heel,16.149916
heel,16.612005
heel,16.925453
heel,16.287779
heel,14.334641
heel,11.91627
heel,9.78575
heel,8.05475
heel,6.43916
heel,4.877906
heel,3.516188
heel,2.170037
heel,0.957559
heel,-0.067659
heel,-0.797841
heel,-0.996029
heel,-0.939147
heel,-0.820294
heel,-0.157473
heel,1.009351
heel,2.313589
heel,3.461252
heel,4.049529
heel,3.810326
heel,4.431684
heel,8.215216
heel,13.149106
heel,18.02342
heel,23.830893
heel,28.11708
heel,28.018735
heel,24.913143
heel,21.734653
heel,19.527193
heel,18.048568
heel,16.556471
heel,15.481406
heel,14.548247
heel,13.279635
heel,11.339669
heel,8.971743
heel,6.719976
heel,5.212311
heel,4.530479
heel,4.293372
heel,4.171376
heel,4.018843
heel,3.49598
heel,2.470612
heel,1.329685
heel,0.356109
heel,-0.347128
heel,-0.784968
heel,-0.843197
heel,-0.44233
heel,0.529449
heel,1.787134
heel,3.352878
heel,4.149671
heel,3.693719
heel,2.936743
heel,4.301455
heel,7.744146
heel,12.352313
heel,18.377733
heel,25.469236
heel,31.870076
heel,32.213462
heel,25.232878
heel,19.953956
heel,18.159487
heel,18.003212
heel,18.04752
heel,18.084343
heel,17.567468
heel,16.05651
heel,13.839022
heel,11.135643
heel,8.510852
heel,6.360423
heel,4.649631
heel,3.492687
heel,2.52001
heel,1.686243
heel,0.933459
heel,0.331261
heel,-0.310903
heel,-0.61567
heel,-0.726439
heel,-0.814756
heel,-0.716261
heel,-0.181872
heel,0.659678
heel,2.020947
heel,3.485502
heel,4.071833
heel,4.230054
heel,5.490433
heel,9.802366
heel,14.919325
heel,19.106717
heel,23.210284
heel,26.287136
heel,26.54475
heel,23.974894
heel,21.245769
heel,20.204085
heel,19.848575
heel,18.399887
heel,16.660355
heel,14.926061
heel,13.145364
heel,11.092533
heel,8.650062
heel,6.44859
heel,4.825964
heel,4.028423
heel,3.836372
heel,3.813021
heel,3.746858
heel,3.391198
heel,2.819387
heel,1.967958
heel,1.139131
heel,0.616718
heel,-0.050894
heel,-0.81281
heel,-0.970133
heel,-0.670156
heel,0.314346
heel,1.621877
heel,2.390529
heel,2.548001
heel,2.044748
heel,2.997966
heel,7.020251
heel,12.183614
heel,19.200123
heel,26.809849
heel,32.367941
heel,31.195429
heel,24.540568
heel,19.279458
heel,16.948356
heel,16.169376
heel,15.59038
heel,16.086897
heel,17.297579
heel,18.36471
heel,18.309326
heel,16.57593
heel,13.765075
heel,10.917397
heel,8.352331
heel,5.990243
heel,4.076922
heel,2.505639
heel,1.467399
heel,0.489632
heel,-0.404908
heel,-1.105751
heel,-1.719175
heel,-1.724564
heel,-1.348097
heel,-0.75009
heel,0.021405
heel,0.664019
heel,1.841471
heel,3.349734
heel,4.373006
heel,5.018763
heel,6.481821
heel,9.822574
heel,14.20052
heel,18.727256
heel,22.611679
heel,23.99121
heel,22.942491
heel,21.150268
heel,19.800076
heel,19.200423
heel,19.225421
heel,18.916014
heel,18.25424
heel,17.344582
heel,16.011005
heel,14.241535
heel,11.907738
heel,9.269624
heel,6.920409
heel,5.288053
heel,4.317172
heel,3.987109
heel,3.910468
heel,3.387306
toe,17.92238
toe,15.011683
toe,14.096037
toe,14.356496
toe,15.083534
toe,15.16227
toe,14.180911
toe,11.938574
toe,9.002729
toe,6.039042
toe,3.334915
toe,1.008453
toe,-1.079106
toe,-3.18358
toe,-4.800817
toe,-5.060527
toe,-3.972888
toe,-2.270628
toe,-0.860411
toe,-0.05299
toe,1.053809
toe,2.312541
toe,3.622766
toe,5.059778
toe,6.120023
toe,5.921087
toe,5.172045
toe,5.710475
toe,7.69894
toe,10.440339
toe,14.489718
toe,25.02975
toe,37.231028
toe,39.250029
toe,30.811028
toe,22.598506
toe,18.148859
toe,15.599511
toe,14.631923
toe,15.289505
toe,15.838863
toe,15.463444
toe,14.073883
toe,11.951297
toe,9.620344
toe,7.467821
toe,5.288652
toe,3.254382
toe,1.921404
toe,0.773591
toe,-0.537832
toe,-1.722318
toe,-2.710863
toe,-3.117866
toe,-3.39015
toe,-3.335963
toe,-2.552642
toe,-0.968486
toe,1.611998
toe,4.659211
toe,7.56901
toe,9.480984
toe,9.662407
toe,8.675958
toe,9.06949
toe,11.590847
toe,15.365996
toe,18.873353
toe,23.392305
toe,29.054132
toe,27.740014
toe,22.477857
toe,18.348694
toe,16.145425
toe,14.761104
toe,13.821358
toe,13.710738
toe,14.728472
toe,16.025225
toe,16.002473
toe,13.736335
toe,10.571167
toe,7.37681
toe,4.376449
toe,1.660048
toe,-0.862656
toe,-3.18328
toe,-4.746779
toe,-5.413193
toe,-4.960385
toe,-3.993695
toe,-2.681374
toe,-0.925974
toe,1.246907
toe,3.281626
toe,5.146598
toe,6.658304
toe,7.423513
toe,7.830367
toe,10.278975
toe,15.287859
toe,22.032982
toe,29.240943
toe,31.284494
toe,27.711573
toe,24.567063
toe,21.511467
toe,18.875598
toe,16.384628
toe,14.371614
toe,13.627362
toe,13.754597
toe,13.635295
toe,13.000615
toe,11.65162
toe,10.154434
toe,8.606353
toe,7.036567
toe,5.291796
toe,3.414998
toe,1.508862
toe,-0.419877
toe,-2.466421
toe,-3.969296
toe,-4.774022
toe,-4.673731
toe,-3.972888
toe,-2.156416
toe,0.5772
toe,3.609594
toe,6.410419
toe,8.858878
toe,9.751621
toe,7.769294
toe,5.250033
toe,5.682783
toe,9.156758
toe,14.684913
toe,21.021236
toe,26.512567
toe,29.385243
toe,28.168423
toe,24.062013
toe,20.400477
toe,18.229691
toe,16.685053
toe,15.425722
toe,14.605278
toe,14.150823
toe,13.831537
toe,12.901821
toe,10.901979
toe,8.565338
toe,6.086493
toe,3.704646
toe,1.595083
toe,-0.207469
toe,-1.659599
toe,-2.89483
toe,-3.214565
toe,-3.142266
toe,-2.820734
toe,-1.686543
toe,-0.164358
toe,1.093775
toe,2.08696
toe,3.385959
toe,4.830754
toe,5.631888
toe,4.997508
toe,5.382806
toe,9.02638
toe,14.047987
toe,18.708994
toe,26.713748
toe,34.723742
toe,36.168687
toe,28.927645
toe,20.11547
toe,15.053147
toe,13.040432
toe,12.009376
toe,11.491753
toe,11.932287
toe,12.551848
toe,12.701238
toe,12.259955
toe,11.172616
toe,9.435928
toe,7.207811
toe,4.675078
toe,2.217489
toe,-0.265398
toe,-2.499502
toe,-3.870052
toe,-4.064348
toe,-3.179388
toe,-2.041904
toe,-1.079555
toe,0.161514
toe,2.175276
toe,4.903204
toe,7.298672
toe,9.058563
toe,9.854607
toe,8.66548
toe,6.100115
toe,5.502258
toe,7.039561
toe,9.889934
toe,13.750855
toe,19.361338
toe,26.413323
toe,33.875456
toe,33.479529
toe,26.416616
toe,19.82178
toe,16.211887
toe,14.122233
toe,13.044324
toe,12.499457
toe,13.030403
toe,14.093941
toe,14.02718
toe,12.000994
toe,8.891061
toe,6.173013
toe,3.909271
toe,2.066453
toe,0.403112
toe,-1.165776
toe,-2.891387
toe,-3.895649
toe,-3.898493
toe,-3.464396
toe,-2.637665
toe,-0.94753
toe,1.01474
toe,3.453319
toe,5.994435
toe,7.581584
toe,8.189171
toe,7.821834
toe,7.132368
toe,8.623268
toe,11.476634
toe,14.08017
toe,18.565742
toe,25.599316
toe,34.047598
toe,35.147959
toe,27.909013
toe,21.468356
toe,15.92673
toe,10.962154
toe,8.498727
toe,8.590636
toe,10.046808
toe,11.242671
toe,11.345357
toe,10.350227
toe,8.931926
toe,7.397168
toe,5.608088
toe,3.566184
toe,1.758393
toe,-0.224832
toe,-2.182012
toe,-3.859125
toe,-4.583918
toe,-4.393514
toe,-3.148852
toe,-0.521216
toe,2.699187
toe,5.696554
toe,7.626191
toe,8.706195
toe,8.220306
toe,6.100863
toe,5.354366
toe,7.163054
toe,10.510843
toe,15.701748
toe,22.101839
toe,29.471913
toe,32.249237
toe,28.378736
toe,22.787862
toe,19.70188
toe,18.136585
toe,16.798218
toe,15.452965
toe,14.608871
toe,13.781092
toe,12.440929
toe,10.919343
toe,9.436826
toe,7.651788
toe,5.49178
toe,3.111879
toe,1.017135
toe,-0.611179
toe,-2.227817
toe,-3.626808
toe,-4.1838
toe,-3.704347
toe,-3.037783
toe,-2.12573
toe,-0.458796
toe,1.417552
toe,3.143313
toe,4.952601
toe,5.838159
toe,5.514832
toe,5.548063
toe,8.522827
toe,13.121564
toe,17.866247
toe,24.299569
toe,30.033395
toe,30.995894
toe,27.510242
toe,23.339765
toe,21.489313
toe,20.217408
toe,18.058148
toe,16.08061
toe,14.547498
toe,12.843592
toe,10.945838
toe,9.112451
toe,7.366032
toe,5.694309
toe,4.364025
toe,3.709586
toe,3.352429
toe,2.54381
toe,1.365161
toe,0.039069
toe,-0.978815
toe,-1.49569
toe,-1.165776
toe,-0.810564
toe,-0.736319
toe,-0.307161
toe,1.134641
toe,2.974016
toe,4.764742
toe,6.300698
toe,7.299421
toe,6.412066
toe,4.286486
toe,4.451743
toe,8.327782
toe,10.840457
toe,13.93093
toe,20.068168
toe,29.595107
toe,38.126765
toe,32.873589
toe,25.320745
toe,20.199894
toe,16.977695
toe,14.925762
toe,13.890365
toe,13.625266
toe,13.727953
toe,13.510455
toe,12.344679
toe,10.199041
toe,7.791897
toe,5.345384
toe,3.171904
toe,1.069975
toe,-0.95217
toe,-2.699636
toe,-3.766318
toe,-3.979624
toe,-3.748954
toe,-3.148403
toe,-2.070494
toe,-0.071102
toe,2.349065
toe,4.247268
toe,6.253845
toe,8.050409
toe,8.481812
toe,7.961644
toe,8.26626
toe,10.872491
toe,13.505365
toe,15.640226
toe,20.727397
toe,28.334428
toe,31.840288
toe,29.222831
toe,23.252346
toe,19.11016
toe,16.536861
toe,14.8114
toe,13.823604
toe,13.041929
toe,11.970607
toe,10.613978
toe,9.127868
toe,7.782317
toe,6.184539
toe,4.49635
toe,2.586022
toe,0.454156
toe,-1.639091
toe,-3.695216
toe,-4.881649
toe,-4.556974
toe,-3.513344
toe,-2.294429
toe,-0.998873
toe,1.008303
toe,3.617677
toe,6.558312
toe,8.906479
toe,9.847722
toe,8.187973
toe,6.152356
toe,7.654482
toe,11.164833
toe,16.304095
toe,22.924079
toe,31.841635
toe,35.952387
toe,28.683053
toe,20.824845
toe,16.665444
toe,14.953903
toe,14.204112
toe,14.307697
toe,15.826289
toe,18.498083
toe,20.770657
toe,19.983744
toe,15.928676
toe,11.282338
toe,7.332053
toe,3.835324
toe,0.423469
toe,-2.61611
toe,-4.695136
toe,-5.839207
toe,-6.205047
toe,-5.75613
toe,-4.7369
toe,-3.489244
toe,-2.020049
toe,-0.123942
toe,2.557581
toe,5.11172
toe,7.066206
toe,8.51624
toe,8.928333
toe,8.968899
toe,9.693991
toe,11.355536
toe,13.911172
toe,18.071919
toe,27.286008
toe,34.717904
toe,33.662449
toe,26.652077
toe,20.007843
toe,14.84987
toe,11.18519
toe,9.357641
toe,8.799601
toe,8.897198
toe,9.520652
toe,9.686207
toe,9.201815
toe,8.248747
toe,6.570886
toe,4.17871
toe,1.380429
toe,-1.138383
toe,-2.991679
toe,-3.994743
toe,-3.810177
toe,-2.558779
toe,-0.677641
toe,1.272354
toe,3.487298
toe,5.095853
toe,5.931565
toe,6.353089
toe,6.486012
toe,5.981112
toe,5.172494
toe,5.813611
toe,9.379795
toe,13.434712
toe,18.325492
toe,25.038881
toe,33.686399
toe,38.684056
toe,32.054492
toe,22.079535
toe,17.596208
toe,15.765965
toe,14.833104
toe,14.470858
toe,14.564563
toe,14.069842
toe,13.107193
toe,10.79106
toe,7.36214
toe,3.765719
toe,0.604892
toe,-1.872606
toe,-3.729045
toe,-4.673881
toe,-4.679569
toe,-3.853736
toe,-3.335214
toe,-3.442541
toe,-3.109184
toe,-1.796265
toe,0.47616
toe,3.061883
toe,5.32338
toe,7.5256
toe,8.320597
toe,7.825876
toe,6.24651
toe,5.838908
toe,8.765771
toe,12.946877
toe,18.34076
toe,28.942614
toe,38.508172
toe,37.271593
toe,27.973978
toe,20.333566
toe,15.292349
toe,11.919563
toe,10.908715
toe,11.895613
toe,13.012291
toe,13.542039
toe,13.161081
toe,11.929143
toe,10.189461
toe,8.078251
toe,5.661976
toe,3.220253
toe,0.921933
toe,-1.398691
toe,-3.039879
toe,-3.641028
toe,-3.482807
toe,-2.681075
toe,-1.214574
toe,0.266596
toe,1.970053
toe,3.9431
toe,6.208789
toe,8.327932
toe,9.937684
toe,10.207873
toe,8.951385
toe,7.416477
toe,7.647597
toe,9.108559
toe,11.753858
toe,16.291522
toe,22.473815
toe,28.82406
toe,31.189441
toe,27.487489
toe,22.398821
toe,19.214942
toe,17.080681
toe,15.483951
toe,13.986166
toe,12.852274
toe,11.706406
toe,10.013277
toe,7.761061
toe,5.004094
toe,2.134861
toe,-0.66372
toe,-3.24585
toe,-5.325027
toe,-6.165678
toe,-5.373675
toe,-3.982468
toe,-2.216291
toe,0.250429
toe,2.488874
toe,3.27489
toe,3.651956
toe,4.043242
toe,4.854854
toe,5.420977
toe,6.055957
toe,7.07354
toe,9.203162
toe,12.629387
toe,15.327826
toe,18.04258
toe,24.738306
toe,32.278876
toe,35.559753
toe,31.816787
toe,26.569748
toe,22.619912
toe,19.25461
toe,15.72944
toe,13.329631
toe,12.281361
toe,11.008258
toe,9.181756
toe,7.444619
toe,6.12152
toe,5.242698
toe,4.315825
toe,3.483706
toe,2.79409
toe,1.863625
toe,0.561482
toe,-0.56283
toe,-1.199755
toe,-1.590892
toe,-1.286575
toe,-0.652793
toe,0.49038
toe,1.887126
toe,3.09212
toe,3.739374
toe,4.309688
toe,4.535419
toe,4.082161
toe,3.405718
toe,3.131338
toe,4.888834
toe,7.641759
toe,12.471316
toe,20.172351
toe,31.288535
toe,42.489293
toe,36.399207
toe,24.474405
toe,18.673818
toe,16.324453
toe,15.228881
toe,14.206208
toe,13.038187
toe,12.398417
toe,11.934233
toe,10.80528
toe,8.611592
toe,6.113287
toe,4.09249
toe,2.545906
toe,1.185385
toe,-0.196841
toe,-1.365011
toe,-2.405797
toe,-3.168162
toe,-3.492837
toe,-3.562741
toe,-2.824776
toe,-1.193917
toe,1.090931
toe,3.86631
toe,6.548582
toe,8.242909
toe,8.287815
toe,7.209158
toe,6.710096
toe,8.18468
toe,11.172467
toe,18.436411
toe,27.752588
toe,33.980537
toe,32.663576
toe,28.144324
toe,24.828419
toe,20.868105
toe,17.380507
toe,15.405664
toe,13.904735
toe,12.101884
toe,9.966724
toe,7.738458
toe,5.805976
toe,4.63092
toe,4.441713
toe,4.715943
toe,4.626878
toe,3.80389
toe,2.359394
toe,0.727787
toe,-0.786914
toe,-2.075135
toe,-2.765499
toe,-3.052602
toe,-2.578987
toe,-1.056802
toe,1.123264
toe,3.113675
toe,4.901407
toe,6.579268
toe,7.403904
toe,7.267537
toe,7.1171
toe,7.821984
toe,10.210866
toe,12.815001
toe,15.576159
toe,20.646416
toe,27.307414
toe,31.625035
toe,29.876072
toe,25.208329
toe,22.142854
toe,20.164118
toe,18.239271
toe,16.218324
toe,14.566359
toe,12.801529
toe,10.57461
toe,8.202643
toe,5.921686
toe,3.758534
toe,1.986818
toe,0.393981
toe,-0.762814
toe,-1.517544
toe,-2.056873
toe,-2.310445
toe,-2.534529
toe,-2.473606
toe,-2.049688
toe,-1.153651
toe,0.233065
toe,2.101031
toe,3.666625
toe,4.74154
toe,5.979765
toe,7.071894
toe,8.14112
toe,10.508298
toe,13.809383
toe,17.374969
toe,22.176534
toe,28.305239
toe,30.820758
toe,27.67954
toe,22.987098
toe,19.013461
toe,15.812368
toe,13.072765
toe,11.833941
toe,11.616294
toe,11.64698
toe,11.509865
toe,10.951975
toe,10.124496
toe,9.019045
toe,7.938442
toe,6.898854
toe,5.652396
toe,4.129313
toe,2.2359
toe,0.183069
toe,-1.807042
toe,-3.550467
toe,-4.495452
toe,-4.342769
toe,-2.534978
toe,0.074545
toe,2.458038
toe,4.449647
toe,5.812563
toe,6.606212
toe,6.196814
toe,5.068759
toe,5.513185
toe,7.630233
toe,10.681188
toe,14.84463
toe,22.13971
toe,30.484707
toe,33.033906
toe,28.236682
toe,23.01988
toe,20.167861
toe,19.044447
toe,18.058747
toe,16.899108
toe,15.864011
toe,14.900913
toe,13.502072
toe,11.477383
toe,9.032068
toe,6.478228
toe,3.938909
toe,1.88982
toe,0.276774
toe,-0.726739
toe,-1.74582
toe,-2.767295
toe,-3.471132
toe,-3.668721
toe,-3.397784
toe,-2.064058
toe,0.05284
toe,2.307152
toe,4.238885
toe,5.399721
toe,5.464686
toe,4.681814
toe,4.778812
toe,7.026987
toe,10.378667
toe,14.809454
toe,26.639353
toe,37.861068
toe,38.360429
toe,29.93505
toe,22.406156
toe,17.569414
toe,14.98414
toe,13.70011
toe,12.283007
toe,10.689272
toe,8.83373
toe,7.025341
toe,5.353467
toe,4.254303
toe,3.925437
toe,3.712729
toe,3.052452
toe,1.984872
toe,0.54816
toe,-1.143023
toe,-2.648443
toe,-2.906955
toe,-2.359094
toe,-1.29361
toe,0.527204
toe,2.668052
toe,4.806205
toe,6.817124
toe,8.308323
toe,8.685089
toe,9.014854
toe,10.555001
toe,12.996124
toe,15.505057
toe,16.994759
toe,19.793789
toe,24.956253
toe,28.956086
toe,28.023375
toe,24.104524
toe,20.851788
toe,18.632354
toe,16.347355
toe,14.101875
toe,12.027938
toe,10.438543
toe,8.937914
toe,7.151528
toe,5.1933
toe,3.306474
toe,1.530867
toe,-0.061672
toe,-0.957858
toe,-1.138233
toe,-0.939147
toe,-1.082699
toe,-1.801055
toe,-2.600542
toe,-2.982099
toe,-2.338138
toe,-0.317789
toe,2.030677
toe,4.114344
toe,6.026767
toe,7.300319
toe,7.45375
toe,7.212152
toe,8.4637
toe,11.570938
toe,15.281123
toe,19.965033
toe,27.24185
toe,34.947077
toe,36.398758
toe,29.56951
toe,23.450235
toe,18.342107
toe,13.228741
toe,9.10811
toe,8.151748
toe,9.290281
toe,9.980645
toe,10.048304
toe,9.775572
toe,9.385782
toe,8.811277
toe,7.662566
toe,5.930368
toe,3.849844
toe,1.801204
toe,-0.460592
toe,-2.662813
toe,-3.99624
toe,-4.003724
toe,-3.027903
toe,-1.531465
toe,-0.032183
toe,1.428779
toe,2.627336
toe,3.362907
toe,3.788322
toe,3.727549
toe,3.781137
toe,3.933221
toe,4.310137
toe,7.615264
toe,14.014157
toe,20.844005
toe,28.913424
toe,36.927758
toe,35.324742
toe,26.247468
toe,19.950064
toe,17.027691
toe,16.250357
toe,15.63843
toe,15.020215
toe,15.50371
toe,16.010107
toe,15.494579
toe,13.631254
toe,11.065739
toe,8.133786
toe,5.153483
toe,2.090852
toe,-0.440235
toe,-1.955983
toe,-2.957101
toe,-3.459456
toe,-3.441194
toe,-3.288362
toe,-2.939886
toe,-1.82725
toe,0.167651
toe,2.494113
toe,4.456982
toe,6.377488
toe,7.929461
toe,8.472531
toe,7.829169
toe,8.798703
toe,11.629915
toe,13.869408
toe,18.32624
toe,28.258985
toe,39.790106
toe,34.196538
toe,25.333618
toe,17.557289
toe,13.189073
toe,9.823921
toe,7.451355
toe,6.277945
toe,6.50637
toe,7.323371
toe,8.45891
toe,8.866063
toe,8.135881
toe,6.02078
toe,3.275339
toe,0.696651
toe,-1.223107
toe,-2.704875
toe,-3.51529
toe,-3.652255
toe,-2.488425
toe,-0.824635
toe,0.796045
toe,2.874023
toe,4.958589
toe,6.565946
toe,7.0207
toe,6.77566
toe,5.857918
toe,4.825216
toe,7.002139
