pt1_cam1_X,pt1_cam1_Y,pt2_cam1_X,pt2_cam1_Y,pt3_cam1_X,pt3_cam1_Y,pt4_cam1_X,pt4_cam1_Y,pt5_cam1_X,pt5_cam1_Y,pt6_cam1_X,pt6_cam1_Y
383.478723,801.836898,649.010638,943.334225,737.521277,409.109626,934.968085,56.810160,1499.416968,813.387701,626.059567,856.703209
434.542553,822.050802,754.542553,949.109626,747.734043,435.098930,941.776596,71.248663,1510.287234,746.970588,678.045126,879.804813
533.265957,917.344920,890.712766,949.109626,761.351064,446.649733,951.989362,94.350267,1459.223404,712.318182,799.344765,876.917112
NaN,NaN,890.712766,937.558824,761.351064,443.762032,945.180851,103.013369,1449.010638,715.205882,806.276173,882.692513
672.840426,940.446524,1026.882979,934.671123,768.159574,458.200535,962.202128,111.676471,1367.308511,709.430481,910.247292,874.029412
802.202128,951.997326,1146.031915,928.895722,829.436170,475.526738,992.840426,129.002674,1214.117021,767.184492,1045.409747,868.254011
907.734043,949.109626,1271.989362,911.569519,911.138298,489.965241,1020.074468,146.328877,1047.308511,816.275401,1173.640794,853.815508
1054.117021,940.446524,1384.329787,862.478610,1009.861702,492.852941,1054.117021,154.991979,866.882979,845.152406,1270.680505,839.377005
1193.691489,931.783422,1452.414894,830.713904,1081.351064,466.863636,1037.095745,117.451872,666.031915,856.703209,1371.185921,810.500000
1316.244681,946.221925,1523.904255,764.296791,1135.819149,443.762032,1023.478723,79.911765,512.840426,810.500000,1437.034296,772.959893
1459.223404,940.446524,1581.776596,689.216578,1163.053191,423.548128,1016.670213,62.585561,461.776596,741.195187,1485.554152,735.419786
1540.925532,871.141711,1578.372340,605.473262,1135.819149,435.098930,1023.478723,56.810160,444.755319,735.419786,1516.745487,680.553476
1581.776596,801.836898,1544.329787,527.505348,1077.946809,466.863636,999.648936,85.687166,465.180851,781.622995,1516.745487,631.462567
1561.351064,781.622995,1479.648936,495.740642,1030.287234,513.066845,989.436170,108.788770,543.478723,876.917112,1468.225632,593.922460
1493.265957,775.847594,1414.968085,501.516043,945.180851,518.842246,979.223404,143.441176,655.819149,914.457219,1378.117329,579.483957
1333.265957,836.489305,1350.287234,544.831551,856.670213,504.403743,986.031915,166.542781,802.202128,920.232620,1288.009025,619.911765
1156.244681,908.681818,1275.393617,617.024064,778.372340,458.200535,962.202128,152.104278,914.542553,923.120321,1190.969314,683.441176
917.946809,949.109626,1176.670213,729.644385,737.521277,417.772727,958.797872,111.676471,1081.351064,911.569519,1073.135379,729.644385
713.691489,966.435829,1060.925532,807.612299,737.521277,409.109626,938.372340,74.136364,1183.478723,891.355615,955.301444,807.612299
526.457447,934.671123,904.329787,891.355615,737.521277,391.783422,938.372340,48.147059,1289.010638,902.906417,806.276173,850.927807
417.521277,848.040107,717.095745,940.446524,747.734043,394.671123,958.797872,45.259358,1408.159574,902.906417,681.510830,865.366310
386.882979,798.949198,655.819149,949.109626,754.542553,400.446524,941.776596,65.473262,1520.500000,833.601604,636.456679,865.366310
417.521277,824.938503,757.946809,954.885027,761.351064,417.772727,951.989362,82.799465,1561.351064,746.970588,681.510830,879.804813
526.457447,911.569519,894.117021,946.221925,771.563830,435.098930,962.202128,77.024064,1496.670213,732.532086,785.481949,888.467914
669.436170,957.772727,1009.861702,937.558824,798.797872,443.762032,979.223404,111.676471,1401.351064,715.205882,937.972924,882.692513
802.202128,960.660428,1129.010638,937.558824,849.861702,475.526738,1003.053191,123.227273,1251.563830,755.633690,1048.875451,876.917112
931.563830,957.772727,1278.797872,926.008021,928.159574,489.965241,1057.521277,146.328877,1135.819149,810.500000,1184.037906,879.804813
1060.925532,957.772727,1384.329787,876.917112,1037.095745,515.954545,1060.925532,146.328877,900.925532,842.264706,1301.871841,862.478610
1200.500000,954.885027,1500.074468,836.489305,1111.989362,475.526738,1064.329787,137.665775,723.904255,856.703209,1388.514440,833.601604
1329.861702,951.997326,1551.138298,778.735294,1166.457447,420.660428,1084.755319,82.799465,570.712766,816.275401,1450.897112,796.061497
1479.648936,957.772727,1585.180851,697.879679,1200.500000,417.772727,1091.563830,48.147059,482.202128,761.409091,1527.142599,741.195187
1585.180851,902.906417,1626.031915,602.585561,1156.244681,420.660428,1091.563830,42.371658,471.989362,732.532086,1561.799639,677.665775
1632.840426,813.387701,1585.180851,530.393048,1111.989362,449.537433,1074.542553,68.360963,461.776596,781.622995,1547.936823,617.024064
1612.414894,775.847594,1513.691489,492.852941,1060.925532,504.403743,1040.500000,100.125668,560.500000,868.254011,1506.348375,582.371658
1527.308511,793.173797,1435.393617,498.628342,989.436170,524.617647,1033.691489,149.216578,676.244681,908.681818,1419.705776,579.483957
1370.712766,822.050802,1391.138298,527.505348,873.691489,501.516043,1037.095745,160.767380,812.414894,923.120321,1326.131769,608.360963
1207.308511,885.580214,1312.840426,591.034759,815.819149,455.312834,1006.457447,149.216578,928.159574,914.457219,1225.626354,663.227273
962.202128,960.660428,1214.117021,720.981283,761.351064,406.221925,986.031915,114.564171,1067.734043,926.008021,1111.258123,718.093583
747.734043,963.548128,1067.734043,807.612299,740.925532,388.895722,951.989362,71.248663,1176.670213,894.243316,972.629964,781.622995
557.095745,917.344920,931.563830,865.366310,737.521277,380.232620,955.393617,51.034759,1302.627660,900.018717,827.070397,833.601604
441.351064,830.713904,768.159574,908.681818,764.755319,386.008021,951.989362,36.596257,1408.159574,894.243316,705.770758,850.927807
417.521277,790.286096,683.053191,934.671123,771.563830,397.558824,945.180851,45.259358,1527.308511,845.152406,671.113718,845.152406
454.968085,816.275401,757.946809,954.885027,795.393617,409.109626,958.797872,68.360963,1564.755319,761.409091,702.305054,865.366310
529.861702,888.467914,883.904255,937.558824,805.606383,432.211230,965.606383,108.788770,1534.117021,703.655080,799.344765,874.029412
659.223404,931.783422,1013.265957,923.120321,819.223404,440.874332,986.031915,105.901070,1452.414894,689.216578,920.644404,871.141711
812.414894,951.997326,1135.819149,920.232620,873.691489,458.200535,1037.095745,123.227273,1329.861702,723.868984,1041.944043,859.590909
928.159574,943.334225,1254.968085,920.232620,951.989362,481.302139,1060.925532,149.216578,1190.287234,770.072193,1180.572202,862.478610
1064.329787,943.334225,1377.521277,879.804813,1037.095745,495.740642,1091.563830,149.216578,989.436170,827.826203,1291.474729,842.264706
1203.904255,954.885027,1479.648936,848.040107,1115.393617,478.414439,1094.968085,123.227273,764.755319,848.040107,1391.980144,819.163102
1329.861702,946.221925,1554.542553,775.847594,1183.478723,437.986631,1105.180851,85.687166,611.563830,790.286096,1457.828520,781.622995
1459.223404,946.221925,1588.585106,692.104278,1214.117021,403.334225,1101.776596,42.371658,516.244681,744.082888,1506.348375,732.532086
1571.563830,891.355615,1622.627660,605.473262,1180.074468,397.558824,1108.585106,30.820856,478.797872,712.318182,1561.799639,669.002674
1629.436170,801.836898,1605.606383,530.393048,1132.414894,420.660428,1084.755319,53.922460,495.819149,755.633690,1558.333935,614.136364
1632.840426,761.409091,1503.478723,481.302139,1084.755319,475.526738,1074.542553,79.911765,563.904255,836.489305,1516.745487,582.371658
1561.351064,755.633690,1462.627660,472.639037,1006.457447,510.179144,1067.734043,123.227273,666.031915,894.243316,1457.828520,565.045455
1428.585106,784.510695,1404.755319,513.066845,907.734043,492.852941,1054.117021,172.318182,788.585106,911.569519,1353.857401,588.147059
1231.138298,876.917112,1346.882979,582.371658,826.031915,449.537433,1023.478723,149.216578,924.755319,900.018717,1260.283394,643.013369
996.244681,928.895722,1224.329787,671.890374,795.393617,420.660428,1003.053191,117.451872,1054.117021,917.344920,1152.846570,700.767380
795.393617,957.772727,1129.010638,781.622995,768.159574,391.783422,999.648936,85.687166,1146.031915,911.569519,996.889892,775.847594
604.755319,928.895722,972.414894,871.141711,774.968085,397.558824,969.010638,51.034759,1299.223404,911.569519,861.727437,839.377005
465.180851,842.264706,802.202128,917.344920,774.968085,397.558824,975.819149,45.259358,1418.372340,894.243316,730.030686,850.927807
434.542553,790.286096,693.265957,931.783422,781.776596,406.221925,958.797872,59.697861,1510.287234,839.377005,674.579422,856.703209
451.563830,827.826203,778.372340,940.446524,788.585106,420.660428,965.606383,79.911765,1588.585106,770.072193,705.770758,862.478610
546.882979,894.243316,904.329787,928.895722,798.797872,432.211230,982.627660,94.350267,1534.117021,718.093583,820.138989,874.029412
679.648936,943.334225,1040.500000,928.895722,829.436170,443.762032,999.648936,126.114973,1428.585106,709.430481,944.904332,871.141711
819.223404,949.109626,1146.031915,923.120321,877.095745,461.088235,989.436170,117.451872,1282.202128,729.644385,1069.669675,865.366310
941.776596,949.109626,1295.819149,917.344920,951.989362,466.863636,1054.117021,143.441176,1190.287234,781.622995,1190.969314,865.366310
1067.734043,940.446524,1401.351064,885.580214,1043.904255,495.740642,1105.180851,146.328877,938.372340,830.713904,1305.337545,839.377005
1203.904255,937.558824,1496.670213,836.489305,1118.797872,469.751337,1111.989362,120.339572,778.372340,839.377005,1391.980144,807.612299
1346.882979,943.334225,1554.542553,770.072193,1190.287234,426.435829,1122.202128,85.687166,584.329787,810.500000,1457.828520,781.622995
1493.265957,946.221925,1588.585106,686.328877,1186.882979,411.997326,1091.563830,53.922460,502.627660,732.532086,1520.211191,732.532086
1561.351064,874.029412,1629.436170,593.922460,1173.265957,411.997326,1074.542553,56.810160,485.606383,712.318182,1547.936823,671.890374
1605.606383,796.061497,1598.797872,527.505348,1111.989362,437.986631,1071.138298,65.473262,485.606383,758.521390,1547.936823,614.136364
1585.180851,767.184492,1496.670213,489.965241,1060.925532,489.965241,1074.542553,97.237968,563.904255,842.264706,1492.485560,576.596257
1527.308511,772.959893,1452.414894,492.852941,989.436170,515.954545,1047.308511,143.441176,672.840426,894.243316,1423.171480,579.483957
1384.329787,833.601604,1380.925532,527.505348,883.904255,492.852941,1037.095745,163.655080,812.414894,905.794118,1315.734657,602.585561
1176.670213,900.018717,1312.840426,588.147059,819.223404,446.649733,1013.265957,146.328877,924.755319,908.681818,1215.229242,666.114973
941.776596,957.772727,1214.117021,735.419786,764.755319,406.221925,972.414894,100.125668,1071.138298,917.344920,1093.929603,720.981283
720.500000,957.772727,1057.521277,816.275401,754.542553,377.344920,969.010638,68.360963,1169.861702,894.243316,948.370036,796.061497
536.670213,897.131016,890.712766,879.804813,754.542553,360.018717,979.223404,45.259358,1309.436170,908.681818,813.207581,833.601604
427.734043,807.612299,744.329787,931.783422,764.755319,374.457219,969.010638,39.483957,1408.159574,900.018717,695.373646,836.489305
424.329787,778.735294,700.074468,928.895722,785.180851,380.232620,965.606383,68.360963,1540.925532,813.387701,667.648014,839.377005
461.776596,830.713904,781.776596,928.895722,788.585106,411.997326,975.819149,71.248663,1544.329787,761.409091,712.702166,856.703209
560.500000,917.344920,928.159574,934.671123,798.797872,426.435829,982.627660,97.237968,1500.074468,718.093583,837.467509,868.254011
703.478723,940.446524,1037.095745,928.895722,812.414894,437.986631,1009.861702,120.339572,1431.989362,712.318182,948.370036,859.590909
812.414894,943.334225,1156.244681,926.008021,877.095745,461.088235,1016.670213,134.778075,1282.202128,749.858289,1073.135379,859.590909
945.180851,940.446524,1292.414894,902.906417,965.606383,466.863636,1064.329787,152.104278,1146.031915,787.398396,1197.900722,853.815508
1088.159574,937.558824,1421.776596,891.355615,1047.308511,484.189840,1098.372340,152.104278,911.138298,819.163102,1301.871841,839.377005
1214.117021,937.558824,1510.287234,836.489305,1149.436170,472.639037,1091.563830,123.227273,737.521277,842.264706,1402.377256,807.612299
1329.861702,946.221925,1568.159574,761.409091,1200.500000,420.660428,1108.585106,79.911765,570.712766,816.275401,1464.759928,775.847594
1479.648936,946.221925,1612.414894,674.778075,1217.521277,394.671123,1091.563830,56.810160,512.840426,726.756684,1523.676895,726.756684
1591.989362,882.692513,1615.819149,585.259358,1186.882979,409.109626,1091.563830,39.483957,478.797872,715.205882,1572.196751,660.339572
1646.457447,798.949198,1598.797872,521.729947,1125.606383,452.425134,1084.755319,71.248663,495.819149,770.072193,1554.868231,614.136364
1615.819149,767.184492,1517.095745,487.077540,1071.138298,484.189840,1057.521277,100.125668,597.946809,842.264706,1495.951264,579.483957
1527.308511,784.510695,1435.393617,501.516043,982.627660,507.291444,1043.904255,134.778075,700.074468,902.906417,1416.240072,570.820856
1350.287234,830.713904,1387.734043,533.280749,877.095745,492.852941,1040.500000,146.328877,826.031915,917.344920,1321.365801,600.885233
1146.031915,911.569519,1306.031915,622.799465,812.414894,437.986631,1003.053191,126.114973,931.563830,902.906417,1220.932900,658.670144
931.563830,940.446524,1186.882979,752.745989,771.563830,397.558824,965.606383,97.237968,1088.159574,908.681818,1096.257576,722.233547
706.882979,943.334225,1050.712766,842.264706,761.351064,377.344920,951.989362,59.697861,1176.670213,900.018717,943.876623,785.796950
519.648936,874.029412,870.287234,882.692513,774.968085,365.794118,969.010638,39.483957,1323.053191,897.131016,798.422078,826.246388
420.925532,790.286096,723.904255,911.569519,774.968085,365.794118,948.585106,45.259358,1425.180851,891.355615,677.209957,823.357143
407.308511,778.735294,683.053191,928.895722,781.776596,374.457219,969.010638,51.034759,1520.500000,807.612299,663.357143,826.246388
444.755319,816.275401,771.563830,931.783422,791.989362,388.895722,955.393617,82.799465,1551.138298,758.521390,708.378788,843.581862
550.287234,911.569519,900.925532,923.120321,788.585106,423.548128,955.393617,97.237968,1506.882979,709.430481,815.738095,855.138844
676.244681,937.558824,1030.287234,914.457219,809.010638,446.649733,969.010638,117.451872,1391.138298,709.430481,926.560606,846.471108
812.414894,937.558824,1156.244681,900.018717,863.478723,458.200535,1020.074468,137.665775,1261.776596,755.633690,1047.772727,837.803371
941.776596,937.558824,1275.393617,894.243316,945.180851,478.414439,1057.521277,163.655080,1163.053191,787.398396,1182.837662,837.803371
1060.925532,923.120321,1384.329787,888.467914,1030.287234,492.852941,1064.329787,157.879679,907.734043,819.163102,1283.270563,829.135634
1197.095745,928.895722,1486.457447,833.601604,1122.202128,461.088235,1077.946809,126.114973,737.521277,842.264706,1380.240260,800.243178
1326.457447,934.671123,1547.734043,764.296791,1159.648936,411.997326,1091.563830,88.574866,563.904255,798.949198,1452.967532,765.572231
1462.627660,923.120321,1602.202128,692.104278,1200.500000,394.671123,1091.563830,42.371658,471.989362,715.205882,1504.915584,719.344302
1571.563830,874.029412,1605.606383,596.810160,1159.648936,406.221925,1108.585106,39.483957,461.776596,709.430481,1556.863636,658.670144
1639.648936,790.286096,1591.989362,518.842246,1129.010638,429.323529,1077.946809,68.360963,499.223404,741.195187,1546.474026,612.442215
1612.414894,749.858289,1517.095745,472.639037,1071.138298,481.302139,1067.734043,105.901070,560.500000,845.152406,1497.989177,577.771268
1544.329787,755.633690,1445.606383,478.414439,979.223404,501.516043,1037.095745,126.114973,669.436170,894.243316,1414.872294,563.325040
1394.542553,784.510695,1380.925532,521.729947,856.670213,475.526738,1030.287234,160.767380,788.585106,897.131016,1328.292208,589.328250
1173.265957,885.580214,1316.244681,579.483957,812.414894,440.874332,975.819149,149.216578,911.138298,894.243316,1220.932900,647.113162
955.393617,934.671123,1217.521277,723.868984,778.372340,409.109626,938.372340,105.901070,1067.734043,911.569519,1117.036797,704.898074
761.351064,943.334225,1074.542553,813.387701,734.117021,377.344920,938.372340,62.585561,1152.840426,911.569519,968.119048,777.129213
553.691489,911.569519,921.351064,882.692513,740.925532,365.794118,928.159574,39.483957,1289.010638,894.243316,815.738095,829.135634
417.521277,827.826203,757.946809,920.232620,754.542553,362.906417,941.776596,42.371658,1391.138298,902.906417,691.062771,840.692616
400.500000,784.510695,676.244681,940.446524,747.734043,397.558824,945.180851,65.473262,1496.670213,833.601604,642.577922,843.581862
427.734043,822.050802,737.521277,946.221925,764.755319,414.885027,941.776596,82.799465,1537.521277,758.521390,684.136364,855.138844
533.265957,928.895722,866.882979,931.783422,778.372340,437.986631,951.989362,97.237968,1510.287234,729.644385,791.495671,863.806581
652.414894,946.221925,992.840426,926.008021,778.372340,435.098930,948.585106,117.451872,1384.329787,718.093583,902.318182,860.917335
791.989362,949.109626,1115.393617,931.783422,849.861702,449.537433,989.436170,137.665775,1261.776596,732.532086,1013.140693,860.917335
924.755319,940.446524,1261.776596,911.569519,931.563830,487.077540,1009.861702,143.441176,1142.627660,796.061497,1158.595238,860.917335
1040.500000,946.221925,1387.734043,876.917112,1023.478723,492.852941,1067.734043,157.879679,931.563830,842.264706,1259.028139,843.581862
1176.670213,949.109626,1476.244681,845.152406,1088.159574,463.975936,1077.946809,140.553476,727.308511,859.590909,1355.997835,826.246388
1292.414894,946.221925,1523.904255,801.836898,1166.457447,437.986631,1081.351064,91.462567,584.329787,813.387701,1414.872294,791.575441
1462.627660,943.334225,1571.563830,703.655080,1163.053191,414.885027,1084.755319,65.473262,499.223404,726.756684,1487.599567,736.679775
1537.521277,908.681818,1591.989362,596.810160,1156.244681,406.221925,1084.755319,51.034759,468.585106,718.093583,1536.084416,678.894864
1598.797872,819.163102,1591.989362,550.606952,1111.989362,429.323529,1067.734043,77.024064,492.414894,746.970588,1536.084416,623.999197
1581.776596,790.286096,1503.478723,507.291444,1060.925532,487.077540,1047.308511,108.788770,557.095745,836.489305,1494.525974,589.328250
1510.287234,793.173797,1452.414894,515.954545,979.223404,504.403743,1047.308511,149.216578,683.053191,891.355615,1407.945887,586.439005
1360.500000,848.040107,1384.329787,544.831551,880.500000,495.740642,1030.287234,180.981283,788.585106,888.467914,1317.902597,612.442215
1166.457447,905.794118,1343.478723,680.553476,822.627660,452.425134,996.244681,166.542781,900.925532,891.355615,1203.616883,661.559390
965.606383,946.221925,1207.308511,772.959893,788.585106,417.772727,982.627660,123.227273,1081.351064,897.131016,1099.720779,730.901284
751.138298,951.997326,1057.521277,839.377005,781.776596,383.120321,972.414894,100.125668,1159.648936,905.794118,981.971861,780.018459
570.712766,911.569519,934.968085,888.467914,788.585106,374.457219,982.627660,48.147059,1289.010638,897.131016,836.517316,832.024880
448.159574,822.050802,771.563830,934.671123,785.180851,377.344920,979.223404,53.922460,1394.542553,885.580214,725.694805,843.581862
441.351064,793.173797,679.648936,940.446524,809.010638,377.344920,982.627660,65.473262,1510.287234,819.163102,687.599567,843.581862
468.585106,822.050802,768.159574,943.334225,805.606383,391.783422,975.819149,77.024064,1547.734043,775.847594,732.621212,860.917335
567.308511,902.906417,900.925532,946.221925,809.010638,423.548128,958.797872,100.125668,1523.904255,735.419786,826.127706,866.695827
679.648936,937.558824,1033.691489,926.008021,843.053191,443.762032,1020.074468,123.227273,1435.393617,726.756684,947.339827,866.695827
829.436170,940.446524,1176.670213,940.446524,904.329787,472.639037,1054.117021,140.553476,1295.819149,735.419786,1068.551948,863.806581
938.372340,943.334225,1292.414894,931.783422,975.819149,469.751337,1091.563830,154.991979,1173.265957,775.847594,1193.227273,852.249599
1074.542553,946.221925,1418.372340,900.018717,1067.734043,510.179144,1122.202128,157.879679,992.840426,807.612299,1300.586580,846.471108
1207.308511,940.446524,1517.095745,850.927807,1152.840426,492.852941,1135.819149,146.328877,798.797872,842.264706,1411.409091,823.357143
1326.457447,943.334225,1598.797872,790.286096,1217.521277,446.649733,1132.414894,103.013369,655.819149,816.275401,1473.746753,785.796950
1479.648936,954.885027,1612.414894,697.879679,1244.755319,411.997326,1135.819149,71.248663,533.265957,746.970588,1529.158009,733.790530
1609.010638,894.243316,1649.861702,619.911765,1207.308511,411.997326,1132.414894,59.697861,495.819149,726.756684,1570.716450,681.784109
1656.670213,813.387701,1632.840426,539.056150,1169.861702,440.874332,1108.585106,74.136364,523.053191,764.296791,1594.958874,618.220706
1660.074468,758.521390,1530.712766,492.852941,1105.180851,492.852941,1108.585106,108.788770,601.351064,845.152406,1539.547619,583.549759
1578.372340,758.521390,1483.053191,481.302139,1030.287234,527.505348,1101.776596,149.216578,686.457447,876.917112,1452.967532,566.214286
1462.627660,770.072193,1418.372340,513.066845,904.329787,495.740642,1074.542553,163.655080,826.031915,911.569519,1366.387446,589.328250
1220.925532,885.580214,1360.500000,588.147059,849.861702,443.762032,1050.712766,152.104278,958.797872,926.008021,1265.954545,638.445425
1047.308511,934.671123,1271.989362,694.991979,795.393617,403.334225,1033.691489,134.778075,1115.393617,914.457219,1148.205628,699.119583
809.010638,957.772727,1111.989362,813.387701,774.968085,380.232620,1013.265957,94.350267,1180.074468,914.457219,1006.214286,771.350722
611.563830,931.783422,955.393617,868.254011,781.776596,365.794118,999.648936,68.360963,1326.457447,897.131016,853.833333,829.135634
471.989362,830.713904,785.180851,923.120321,802.202128,383.120321,982.627660,56.810160,1462.627660,902.906417,732.621212,849.360353
427.734043,778.735294,683.053191,937.558824,805.606383,386.008021,982.627660,68.360963,1547.734043,827.826203,677.209957,846.471108
458.372340,824.938503,768.159574,951.997326,798.797872,397.558824,1003.053191,85.687166,1585.180851,738.307487,711.841991,860.917335
536.670213,902.906417,887.308511,946.221925,819.223404,397.558824,1009.861702,105.901070,1557.946809,692.104278,801.885281,872.474318
666.031915,949.109626,1013.265957,940.446524,832.840426,426.435829,1009.861702,105.901070,1472.840426,697.879679,916.170996,863.806581
791.989362,951.997326,1125.606383,931.783422,866.882979,481.302139,1057.521277,140.553476,1363.904255,718.093583,1044.309524,866.695827
921.351064,954.885027,1258.372340,926.008021,941.776596,449.537433,1071.138298,157.879679,1190.287234,778.735294,1162.058442,863.806581
1064.329787,943.334225,1374.117021,905.794118,1033.691489,484.189840,1091.563830,166.542781,1037.095745,830.713904,1283.270563,849.360353
1186.882979,943.334225,1483.053191,853.815508,1115.393617,492.852941,1101.776596,152.104278,805.606383,848.040107,1383.703463,826.246388
1312.840426,951.997326,1527.308511,798.949198,1180.074468,469.751337,1125.606383,108.788770,642.202128,833.601604,1446.041126,803.132424
1442.202128,963.548128,1588.585106,692.104278,1207.308511,420.660428,1111.989362,77.024064,512.840426,744.082888,1504.915584,754.015249
1564.755319,911.569519,1622.627660,611.248663,1186.882979,414.885027,1108.585106,53.922460,489.010638,709.430481,1549.937229,699.119583
1653.265957,830.713904,1612.414894,547.719251,1149.436170,440.874332,1077.946809,82.799465,499.223404,738.307487,1574.179654,635.556180
1677.095745,770.072193,1540.925532,507.291444,1084.755319,472.639037,1057.521277,91.462567,529.861702,830.713904,1529.158009,597.995987
1581.776596,772.959893,1486.457447,487.077540,1030.287234,495.740642,1033.691489,152.104278,659.223404,900.018717,1459.893939,580.660514
1472.840426,761.409091,1404.755319,518.842246,934.968085,510.179144,1037.095745,163.655080,771.563830,914.457219,1362.924242,600.885233
1282.202128,874.029412,1340.074468,585.259358,843.053191,463.975936,1016.670213,169.430481,894.117021,894.243316,1269.417749,647.113162
1016.670213,908.681818,1271.989362,666.114973,802.202128,429.323529,1009.861702,143.441176,1050.712766,928.895722,1151.668831,707.787319
860.074468,963.548128,1139.223404,793.173797,764.755319,400.446524,1003.053191,103.013369,1125.606383,911.569519,1023.530303,765.572231
638.797872,940.446524,1009.861702,859.590909,761.351064,377.344920,979.223404,65.473262,1258.372340,917.344920,895.391775,823.357143
495.819149,879.804813,826.031915,928.895722,781.776596,388.895722,989.436170,53.922460,1380.925532,905.794118,756.863636,849.360353
444.755319,790.286096,710.287234,937.558824,802.202128,386.008021,975.819149,65.473262,1466.031915,897.131016,687.599567,849.360353
458.372340,793.173797,706.882979,949.109626,802.202128,400.446524,986.031915,79.911765,1568.159574,796.061497,691.062771,855.138844
512.840426,879.804813,843.053191,937.558824,795.393617,403.334225,992.840426,97.237968,1544.329787,738.307487,774.179654,863.806581
635.393617,934.671123,969.010638,923.120321,822.627660,426.435829,992.840426,120.339572,1466.031915,706.542781,891.928571,863.806581
757.946809,931.783422,1108.585106,928.895722,853.265957,478.414439,1013.265957,129.002674,1346.882979,723.868984,1009.677489,858.028090
907.734043,934.671123,1210.712766,923.120321,951.989362,469.751337,1043.904255,149.216578,1186.882979,767.184492,1134.352814,860.917335
1037.095745,937.558824,1343.478723,900.018717,1026.882979,530.393048,1077.946809,169.430481,1037.095745,810.500000,1241.712121,852.249599
1146.031915,937.558824,1469.436170,848.040107,1111.989362,498.628342,1098.372340,154.991979,839.648936,827.826203,1349.071429,829.135634
1275.393617,931.783422,1520.500000,816.275401,1169.861702,455.312834,1125.606383,114.564171,676.244681,827.826203,1428.725108,797.353933
1408.159574,943.334225,1571.563830,703.655080,1203.904255,406.221925,1094.968085,77.024064,526.457447,755.633690,1491.062771,756.904494
1544.329787,905.794118,1605.606383,614.136364,1203.904255,406.221925,1094.968085,65.473262,468.585106,712.318182,1539.547619,702.008828
1649.861702,816.275401,1632.840426,553.494652,1169.861702,426.435829,1091.563830,74.136364,471.989362,723.868984,1574.179654,641.334671
1673.691489,758.521390,1578.372340,489.965241,1125.606383,472.639037,1060.925532,97.237968,502.627660,784.510695,1543.010823,589.328250
1632.840426,735.419786,1506.882979,466.863636,1054.117021,504.403743,1057.521277,131.890374,594.542553,856.703209,1484.136364,563.325040
1530.712766,752.745989,1438.797872,481.302139,962.202128,521.729947,1047.308511,166.542781,717.095745,908.681818,1404.482684,574.882022
1333.265957,833.601604,1370.712766,533.280749,866.882979,498.628342,1033.691489,186.756684,829.436170,911.569519,1307.512987,609.552970
1132.414894,923.120321,1302.627660,643.013369,819.223404,455.312834,986.031915,157.879679,958.797872,905.794118,1193.227273,678.894864
921.351064,954.885027,1186.882979,755.633690,771.563830,414.885027,965.606383,123.227273,1067.734043,908.681818,1068.551948,748.236758
700.074468,960.660428,1043.904255,848.040107,754.542553,371.569519,979.223404,82.799465,1186.882979,923.120321,916.170996,803.132424
519.648936,885.580214,894.117021,900.018717,774.968085,362.906417,969.010638,56.810160,1309.436170,917.344920,777.642857,840.692616
427.734043,784.510695,720.500000,917.344920,788.585106,386.008021,965.606383,51.034759,1414.968085,902.906417,673.746753,846.471108
414.117021,775.847594,659.223404,934.671123,785.180851,383.120321,962.202128,65.473262,1534.117021,804.724599,646.041126,840.692616
437.946809,807.612299,740.925532,928.895722,788.585106,409.109626,962.202128,88.574866,1568.159574,735.419786,694.525974,855.138844
543.478723,902.906417,870.287234,928.895722,791.989362,417.772727,975.819149,120.339572,1520.500000,686.328877,788.032468,866.695827
662.627660,937.558824,1003.053191,926.008021,815.819149,432.211230,992.840426,137.665775,1397.946809,694.991979,912.707792,863.806581
791.989362,943.334225,1125.606383,928.895722,863.478723,472.639037,992.840426,137.665775,1292.414894,729.644385,1030.456710,858.028090
928.159574,946.221925,1248.159574,917.344920,948.585106,489.965241,1023.478723,166.542781,1156.244681,764.296791,1151.668831,852.249599
1054.117021,946.221925,1377.521277,882.692513,1040.500000,498.628342,1050.712766,166.542781,887.308511,816.275401,1262.491342,843.581862
1193.691489,937.558824,1466.031915,853.815508,1101.776596,478.414439,1094.968085,114.564171,798.797872,842.264706,1359.461039,817.578652
1316.244681,954.885027,1520.500000,778.735294,1159.648936,437.986631,1088.159574,82.799465,604.755319,796.061497,1414.872294,780.018459
1431.989362,937.558824,1544.329787,671.890374,1193.691489,411.997326,1071.138298,56.810160,475.393617,726.756684,1477.209957,730.901284
1537.521277,891.355615,1588.585106,599.697861,1149.436170,411.997326,1084.755319,39.483957,465.180851,703.655080,1515.305195,678.894864
1598.797872,807.612299,1564.755319,524.617647,1118.797872,432.211230,1077.946809,53.922460,478.797872,729.644385,1522.231602,621.109952
1585.180851,744.082888,1489.861702,475.526738,1057.521277,487.077540,1040.500000,85.687166,519.648936,816.275401,1484.136364,577.771268
1527.308511,744.082888,1425.180851,487.077540,969.010638,510.179144,1030.287234,129.002674,601.351064,862.478610,1411.409091,569.103531
1414.968085,781.622995,1363.904255,515.954545,894.117021,498.628342,1033.691489,154.991979,754.542553,911.569519,1321.365801,580.660514
1193.691489,865.366310,1295.819149,567.933155,819.223404,461.088235,1013.265957,140.553476,870.287234,897.131016,1217.469697,632.666934
999.648936,908.681818,1234.542553,677.665775,757.946809,409.109626,986.031915,117.451872,1020.074468,920.232620,1113.573593,687.562600
791.989362,940.446524,1077.946809,796.061497,740.925532,377.344920,989.436170,74.136364,1125.606383,905.794118,975.045455,762.682986
601.351064,905.794118,928.159574,853.815508,744.329787,362.906417,965.606383,48.147059,1251.563830,908.681818,850.370130,811.800161
444.755319,804.724599,785.180851,885.580214,754.542553,357.131016,958.797872,39.483957,1363.904255,905.794118,697.989177,832.024880
407.308511,778.735294,666.031915,917.344920,764.755319,371.569519,969.010638,45.259358,1479.648936,839.377005,646.041126,832.024880
417.521277,784.510695,672.840426,940.446524,771.563830,394.671123,969.010638,62.585561,1513.691489,775.847594,659.893939,846.471108
489.010638,856.703209,815.819149,940.446524,774.968085,406.221925,958.797872,88.574866,1517.095745,732.532086,736.084416,860.917335
597.946809,911.569519,951.989362,917.344920,795.393617,426.435829,965.606383,114.564171,1449.010638,738.307487,857.296537,863.806581
730.712766,926.008021,1054.117021,917.344920,839.648936,452.425134,989.436170,137.665775,1302.627660,726.756684,971.582251,855.138844
853.265957,937.558824,1183.478723,905.794118,897.521277,469.751337,989.436170,143.441176,1156.244681,761.409091,1099.720779,849.360353
992.840426,937.558824,1302.627660,897.131016,969.010638,504.403743,1047.308511,152.104278,955.393617,813.387701,1217.469697,843.581862
1108.585106,934.671123,1421.776596,856.703209,1071.138298,475.526738,1054.117021,140.553476,829.436170,836.489305,1314.439394,823.357143
1241.351064,931.783422,1496.670213,810.500000,1132.414894,449.537433,1064.329787,111.676471,642.202128,839.377005,1397.556277,794.464687
1387.734043,940.446524,1554.542553,732.532086,1163.053191,409.109626,1040.500000,68.360963,506.031915,758.521390,1449.504329,754.015249
1520.500000,914.457219,1588.585106,617.024064,1146.031915,403.334225,1057.521277,48.147059,465.180851,712.318182,1501.452381,699.119583
1588.585106,819.163102,1571.563830,550.606952,1108.585106,423.548128,1043.904255,65.473262,471.989362,738.307487,1515.305195,641.334671
1568.159574,775.847594,1513.691489,510.179144,1054.117021,452.425134,1037.095745,103.013369,526.457447,816.275401,1491.062771,600.885233
1530.712766,767.184492,1442.202128,492.852941,1003.053191,492.852941,1020.074468,129.002674,628.585106,853.815508,1425.261905,571.992777
1404.755319,793.173797,1387.734043,510.179144,914.542553,495.740642,1013.265957,152.104278,761.351064,885.580214,1335.218615,597.995987
1231.138298,856.703209,1343.478723,576.596257,832.840426,466.863636,1006.457447,166.542781,870.287234,874.029412,1227.859307,632.666934
1009.861702,923.120321,1251.563830,775.847594,771.563830,414.885027,972.414894,134.778075,1006.457447,900.018717,1120.500000,699.119583
795.393617,943.334225,1074.542553,842.264706,744.329787,386.008021,965.606383,100.125668,1098.372340,891.355615,999.287879,768.461477
580.925532,908.681818,941.776596,882.692513,751.138298,368.681818,958.797872,71.248663,1237.946809,885.580214,857.296537,823.357143
444.755319,824.938503,781.776596,917.344920,751.138298,377.344920,948.585106,56.810160,1343.478723,879.804813,708.378788,840.692616
407.308511,787.398396,672.840426,926.008021,761.351064,391.783422,951.989362,65.473262,1469.436170,830.713904,649.504329,832.024880
420.925532,784.510695,689.861702,931.783422,757.946809,394.671123,945.180851,91.462567,1527.308511,758.521390,663.357143,846.471108
495.819149,874.029412,839.648936,926.008021,774.968085,417.772727,945.180851,103.013369,1506.882979,709.430481,753.400433,855.138844
618.372340,923.120321,948.585106,917.344920,778.372340,423.548128,969.010638,120.339572,1438.797872,700.767380,871.149351,852.249599
747.734043,934.671123,1074.542553,917.344920,836.244681,458.200535,989.436170,129.002674,1306.031915,697.879679,985.435065,846.471108
880.500000,928.895722,1224.329787,891.355615,907.734043,469.751337,1020.074468,140.553476,1152.840426,775.847594,1103.183983,840.692616
1006.457447,934.671123,1333.265957,891.355615,999.648936,487.077540,1043.904255,157.879679,989.436170,798.949198,1220.932900,832.024880
1139.223404,926.008021,1435.393617,850.927807,1064.329787,466.863636,1050.712766,129.002674,815.819149,848.040107,1324.829004,806.021669
1271.989362,931.783422,1486.457447,813.387701,1122.202128,417.772727,1064.329787,88.574866,669.436170,830.713904,1401.019481,780.018459
1380.925532,931.783422,1568.159574,706.542781,1169.861702,397.558824,1074.542553,48.147059,536.670213,755.633690,1466.820346,739.569021
1513.691489,894.243316,1595.393617,611.248663,1169.861702,391.783422,1067.734043,51.034759,478.797872,720.981283,1515.305195,678.894864
1598.797872,787.398396,1595.393617,533.280749,1146.031915,429.323529,1067.734043,45.259358,492.414894,744.082888,1539.547619,612.442215
1612.414894,749.858289,1527.308511,478.414439,1077.946809,472.639037,1057.521277,79.911765,550.287234,822.050802,1508.378788,566.214286
1544.329787,732.532086,1438.797872,463.975936,1009.861702,510.179144,1037.095745,117.451872,659.223404,894.243316,1442.577922,545.989567
1442.202128,770.072193,1401.351064,492.852941,900.925532,501.516043,1026.882979,152.104278,778.372340,902.906417,1349.071429,569.103531
1248.159574,842.264706,1319.648936,573.708556,822.627660,469.751337,1013.265957,146.328877,917.946809,911.569519,1252.101732,618.220706
1033.691489,923.120321,1234.542553,703.655080,774.968085,403.334225,982.627660,114.564171,1057.521277,902.906417,1134.352814,696.230337
798.797872,937.558824,1105.180851,790.286096,761.351064,380.232620,962.202128,71.248663,1156.244681,897.131016,988.898268,765.572231
574.117021,908.681818,934.968085,874.029412,744.329787,371.569519,951.989362,39.483957,1282.202128,897.131016,846.906926,823.357143
451.563830,819.163102,774.968085,914.457219,761.351064,371.569519,928.159574,33.708556,1391.138298,894.243316,701.452381,837.803371
414.117021,781.622995,655.819149,923.120321,768.159574,386.008021,931.563830,48.147059,1493.265957,819.163102,642.577922,834.914125
424.329787,804.724599,730.712766,937.558824,764.755319,397.558824,941.776596,82.799465,1527.308511,749.858289,663.357143,849.360353
516.244681,874.029412,860.074468,926.008021,791.989362,411.997326,934.968085,97.237968,1510.287234,715.205882,767.253247,852.249599
628.585106,931.783422,975.819149,914.457219,785.180851,435.098930,982.627660,123.227273,1404.755319,718.093583,885.002165,855.138844
774.968085,928.895722,1105.180851,911.569519,853.265957,469.751337,982.627660,140.553476,1265.180851,732.532086,1009.677489,849.360353
911.138298,928.895722,1234.542553,891.355615,931.563830,472.639037,1016.670213,157.879679,1111.989362,793.173797,1123.963203,843.581862
1033.691489,926.008021,1326.457447,882.692513,999.648936,484.189840,1043.904255,163.655080,900.925532,827.826203,1234.785714,837.803371
1149.436170,923.120321,1442.202128,839.377005,1067.734043,463.975936,1047.308511,140.553476,703.478723,833.601604,1338.681818,800.243178
1278.797872,926.008021,1496.670213,793.173797,1129.010638,420.660428,1067.734043,103.013369,560.500000,790.286096,1411.409091,777.129213
1421.776596,943.334225,1554.542553,686.328877,1166.457447,400.446524,1067.734043,71.248663,475.393617,712.318182,1470.283550,736.679775
1527.308511,888.467914,1591.989362,596.810160,1152.840426,406.221925,1047.308511,59.697861,441.351064,706.542781,1511.841991,684.673355
1598.797872,801.836898,1571.563830,533.280749,1108.585106,435.098930,1050.712766,91.462567,458.372340,755.633690,1518.768398,623.999197
1598.797872,749.858289,1513.691489,484.189840,1050.712766,481.302139,1033.691489,111.676471,550.287234,836.489305,1487.599567,577.771268
1513.691489,746.970588,1431.989362,487.077540,979.223404,489.965241,999.648936,154.991979,672.840426,891.355615,1404.482684,563.325040
1387.734043,775.847594,1360.500000,518.842246,866.882979,487.077540,992.840426,166.542781,809.010638,868.254011,1310.976190,583.549759
1190.287234,856.703209,1285.606383,576.596257,795.393617,449.537433,958.797872,146.328877,887.308511,885.580214,1214.006494,629.777689
986.031915,902.906417,1210.712766,700.767380,761.351064,397.558824,945.180851,111.676471,1030.287234,868.254011,1085.867965,690.451846
778.372340,937.558824,1043.904255,816.275401,727.308511,360.018717,924.755319,79.911765,1156.244681,888.467914,961.192641,754.015249
543.478723,882.692513,931.563830,859.590909,744.329787,339.804813,938.372340,51.034759,1278.797872,871.141711,822.664502,808.910915
441.351064,813.387701,771.563830,914.457219,754.542553,348.467914,924.755319,39.483957,1387.734043,894.243316,697.989177,826.246388
410.712766,772.959893,645.606383,926.008021,774.968085,377.344920,941.776596,62.585561,1503.478723,798.949198,642.577922,829.135634
427.734043,790.286096,713.691489,928.895722,778.372340,380.232620,951.989362,91.462567,1544.329787,726.756684,659.893939,846.471108
506.031915,865.366310,839.648936,926.008021,781.776596,403.334225,948.585106,100.125668,1510.287234,689.216578,760.326840,852.249599
635.393617,926.008021,969.010638,917.344920,785.180851,417.772727,955.393617,126.114973,1428.585106,689.216578,881.538961,858.028090
764.755319,928.895722,1088.159574,908.681818,853.265957,455.312834,962.202128,131.890374,1299.223404,712.318182,985.435065,846.471108
911.138298,928.895722,1214.117021,900.018717,921.351064,463.975936,999.648936,149.216578,1132.414894,758.521390,1123.963203,846.471108
1020.074468,931.783422,1350.287234,874.029412,1009.861702,492.852941,1054.117021,157.879679,955.393617,824.938503,1231.322511,834.914125
1163.053191,920.232620,1438.797872,836.489305,1098.372340,466.863636,1077.946809,129.002674,757.946809,853.815508,1342.145022,806.021669
1265.180851,931.783422,1489.861702,787.398396,1159.648936,426.435829,1067.734043,88.574866,601.351064,810.500000,1401.019481,785.796950
1418.372340,937.558824,1547.734043,677.665775,1186.882979,403.334225,1054.117021,53.922460,506.031915,735.419786,1463.357143,730.901284
1544.329787,879.804813,1578.372340,599.697861,1163.053191,397.558824,1050.712766,48.147059,458.372340,712.318182,1504.915584,673.116372
1612.414894,793.173797,1568.159574,533.280749,1122.202128,426.435829,1074.542553,59.697861,489.010638,746.970588,1515.305195,612.442215
1588.585106,749.858289,1506.882979,484.189840,1050.712766,475.526738,1037.095745,94.350267,546.882979,824.938503,1477.209957,569.103531
1527.308511,746.970588,1425.180851,478.414439,992.840426,507.291444,1030.287234,143.441176,659.223404,900.018717,1407.945887,560.435795
1411.563830,790.286096,1374.117021,513.066845,880.500000,487.077540,1020.074468,149.216578,781.776596,900.018717,1314.439394,580.660514
1207.308511,871.141711,1316.244681,576.596257,795.393617,452.425134,989.436170,154.991979,894.117021,897.131016,1217.469697,632.666934
996.244681,934.671123,1210.712766,709.430481,778.372340,409.109626,986.031915,103.013369,1043.904255,894.243316,1113.573593,696.230337
788.585106,949.109626,1057.521277,830.713904,744.329787,383.120321,945.180851,79.911765,1125.606383,902.906417,975.045455,777.129213
553.691489,905.794118,934.968085,879.804813,747.734043,371.569519,962.202128,53.922460,1261.776596,914.457219,833.054113,829.135634
444.755319,813.387701,774.968085,911.569519,764.755319,383.120321,955.393617,42.371658,1387.734043,900.018717,708.378788,837.803371
434.542553,778.735294,679.648936,928.895722,788.585106,388.895722,958.797872,53.922460,1527.308511,824.938503,659.893939,840.692616
448.159574,798.949198,737.521277,926.008021,781.776596,409.109626,948.585106,82.799465,1534.117021,770.072193,691.062771,852.249599
536.670213,902.906417,866.882979,943.334225,795.393617,409.109626,958.797872,114.564171,1534.117021,706.542781,798.422078,863.806581
672.840426,937.558824,996.244681,931.783422,802.202128,432.211230,1003.053191,134.778075,1435.393617,700.767380,898.854978,858.028090
788.585106,943.334225,1122.202128,911.569519,866.882979,478.414439,1009.861702,152.104278,1323.053191,723.868984,1023.530303,852.249599
928.159574,940.446524,1237.946809,905.794118,921.351064,472.639037,1037.095745,163.655080,1166.457447,772.959893,1148.205628,855.138844
1043.904255,949.109626,1374.117021,882.692513,1009.861702,518.842246,1050.712766,169.430481,992.840426,813.387701,1252.101732,840.692616
1180.074468,937.558824,1442.202128,853.815508,1098.372340,466.863636,1054.117021,149.216578,798.797872,833.601604,1359.461039,811.800161
1302.627660,943.334225,1520.500000,798.949198,1163.053191,432.211230,1064.329787,103.013369,625.180851,822.050802,1432.188312,780.018459
1449.010638,937.558824,1568.159574,694.991979,1176.670213,406.221925,1071.138298,62.585561,509.436170,738.307487,1484.136364,736.679775
1554.542553,888.467914,1598.797872,622.799465,1176.670213,411.997326,1064.329787,62.585561,465.180851,709.430481,1532.621212,676.005618
1632.840426,804.724599,1585.180851,536.168449,1125.606383,446.649733,1057.521277,85.687166,478.797872,738.307487,1546.474026,621.109952
1615.819149,749.858289,1503.478723,487.077540,1060.925532,481.302139,1047.308511,120.339572,543.478723,824.938503,1501.452381,577.771268
1564.755319,752.745989,1445.606383,481.302139,1003.053191,515.954545,1016.670213,146.328877,642.202128,894.243316,1421.798701,569.103531
1411.563830,790.286096,1370.712766,510.179144,904.329787,501.516043,999.648936,172.318182,754.542553,908.681818,1328.292208,586.439005
1227.734043,859.590909,1333.265957,570.820856,856.670213,475.526738,965.606383,169.430481,877.095745,888.467914,1227.859307,638.445425
1043.904255,931.783422,1237.946809,720.981283,781.776596,423.548128,958.797872,134.778075,1013.265957,905.794118,1130.889610,693.341091
802.202128,951.997326,1101.776596,790.286096,757.946809,403.334225,934.968085,85.687166,1152.840426,888.467914,988.898268,768.461477
601.351064,928.895722,962.202128,871.141711,754.542553,371.569519,965.606383,56.810160,1265.180851,911.569519,850.370130,814.689406
451.563830,833.601604,795.393617,911.569519,771.563830,371.569519,962.202128,48.147059,1374.117021,897.131016,715.305195,834.914125
407.308511,787.398396,669.436170,928.895722,768.159574,386.008021,965.606383,56.810160,1466.031915,827.826203,642.577922,837.803371
414.117021,801.836898,703.478723,937.558824,771.563830,414.885027,962.202128,77.024064,1523.904255,746.970588,666.820346,852.249599
499.223404,868.254011,822.627660,934.671123,778.372340,435.098930,955.393617,97.237968,1500.074468,697.879679,749.937229,869.585072
621.776596,923.120321,951.989362,923.120321,781.776596,440.874332,972.414894,108.788770,1428.585106,697.879679,853.833333,866.695827
740.925532,934.671123,1074.542553,928.895722,829.436170,455.312834,1026.882979,149.216578,1340.074468,706.542781,968.119048,863.806581
877.095745,940.446524,1197.095745,928.895722,900.925532,478.414439,1006.457447,154.991979,1183.478723,772.959893,1103.183983,855.138844
1003.053191,946.221925,1316.244681,908.681818,986.031915,513.066845,1026.882979,163.655080,1047.308511,813.387701,1217.469697,855.138844
1132.414894,940.446524,1449.010638,842.264706,1084.755319,484.189840,1067.734043,146.328877,836.244681,842.264706,1324.829004,829.135634
1278.797872,949.109626,1496.670213,819.163102,1149.436170,461.088235,1071.138298,120.339572,645.606383,833.601604,1407.945887,797.353933
1425.180851,946.221925,1554.542553,723.868984,1186.882979,409.109626,1064.329787,68.360963,512.840426,775.847594,1459.893939,759.793740
1551.138298,902.906417,1588.585106,619.911765,1186.882979,406.221925,1064.329787,62.585561,465.180851,723.868984,1515.305195,693.341091
1622.627660,813.387701,1619.223404,553.494652,1142.627660,426.435829,1043.904255,68.360963,454.968085,720.981283,1546.474026,638.445425
1643.053191,755.633690,1523.904255,478.414439,1098.372340,481.302139,1040.500000,94.350267,502.627660,796.061497,1529.158009,577.771268
1609.010638,723.868984,1476.244681,455.312834,1040.500000,521.729947,1023.478723,114.564171,574.117021,862.478610,1470.283550,545.989567
1517.095745,741.195187,1418.372340,469.751337,941.776596,521.729947,1013.265957,163.655080,679.648936,902.906417,1383.703463,563.325040
1336.670213,804.724599,1353.691489,513.066845,856.670213,495.740642,989.436170,157.879679,860.074468,908.681818,1279.807359,606.663724
1139.223404,911.569519,1275.393617,625.687166,795.393617,452.425134,945.180851,146.328877,965.606383,900.018717,1175.911255,670.227127
924.755319,960.660428,1193.691489,749.858289,751.138298,420.660428,955.393617,114.564171,1091.563830,897.131016,1058.162338,736.679775
696.670213,969.323529,1047.308511,839.377005,727.308511,391.783422,931.563830,77.024064,1217.521277,897.131016,926.560606,814.689406
526.457447,897.131016,877.095745,908.681818,757.946809,386.008021,931.563830,53.922460,1319.648936,902.906417,781.106061,852.249599
407.308511,819.163102,713.691489,946.221925,761.351064,397.558824,958.797872,65.473262,1435.393617,891.355615,670.283550,860.917335
390.287234,798.949198,669.436170,946.221925,768.159574,420.660428,969.010638,88.574866,1530.712766,801.836898,639.114719,855.138844
434.542553,856.703209,781.776596,940.446524,771.563830,420.660428,951.989362,97.237968,1544.329787,738.307487,701.452381,875.363563
546.882979,928.895722,890.712766,943.334225,781.776596,452.425134,965.606383,126.114973,1466.031915,703.655080,812.274892,872.474318
679.648936,949.109626,1023.478723,934.671123,798.797872,469.751337,955.393617,134.778075,1363.904255,692.104278,930.023810,866.695827
826.031915,954.885027,1163.053191,917.344920,856.670213,484.189840,986.031915,152.104278,1217.521277,749.858289,1047.772727,860.917335
